<annotation>
	<folder>finalballnew</folder>
	<filename>59.jpg</filename>
	<path>/home/armaan/Desktop/mrm/dataset_day2/finalballnew/59.jpg</path>
	<source>
		<database>Unknown</database>
	</source>
	<size>
		<width>640</width>
		<height>480</height>
		<depth>3</depth>
	</size>
	<segmented>0</segmented>
	<object>
		<name>ball</name>
		<pose>Unspecified</pose>
		<truncated>0</truncated>
		<difficult>0</difficult>
		<bndbox>
			<xmin>153</xmin>
			<ymin>87</ymin>
			<xmax>183</xmax>
			<ymax>122</ymax>
		</bndbox>
	</object>
</annotation>
