<annotation>
	<folder>finalballnew</folder>
	<filename>63.jpg</filename>
	<path>/home/armaan/Desktop/mrm/dataset_day2/finalballnew/63.jpg</path>
	<source>
		<database>Unknown</database>
	</source>
	<size>
		<width>640</width>
		<height>480</height>
		<depth>3</depth>
	</size>
	<segmented>0</segmented>
	<object>
		<name>ball</name>
		<pose>Unspecified</pose>
		<truncated>0</truncated>
		<difficult>0</difficult>
		<bndbox>
			<xmin>119</xmin>
			<ymin>37</ymin>
			<xmax>150</xmax>
			<ymax>64</ymax>
		</bndbox>
	</object>
</annotation>
