<annotation>
	<folder>finalballnew</folder>
	<filename>83.jpg</filename>
	<path>/home/armaan/Desktop/mrm/dataset_day2/finalballnew/83.jpg</path>
	<source>
		<database>Unknown</database>
	</source>
	<size>
		<width>640</width>
		<height>480</height>
		<depth>3</depth>
	</size>
	<segmented>0</segmented>
	<object>
		<name>ball</name>
		<pose>Unspecified</pose>
		<truncated>0</truncated>
		<difficult>0</difficult>
		<bndbox>
			<xmin>346</xmin>
			<ymin>110</ymin>
			<xmax>382</xmax>
			<ymax>146</ymax>
		</bndbox>
	</object>
</annotation>
