<annotation>
	<folder>finalballnew</folder>
	<filename>85.jpg</filename>
	<path>/home/armaan/Desktop/mrm/dataset_day2/finalballnew/85.jpg</path>
	<source>
		<database>Unknown</database>
	</source>
	<size>
		<width>640</width>
		<height>480</height>
		<depth>3</depth>
	</size>
	<segmented>0</segmented>
	<object>
		<name>ball</name>
		<pose>Unspecified</pose>
		<truncated>0</truncated>
		<difficult>0</difficult>
		<bndbox>
			<xmin>325</xmin>
			<ymin>99</ymin>
			<xmax>364</xmax>
			<ymax>137</ymax>
		</bndbox>
	</object>
</annotation>
