<annotation>
	<folder>finalballnew</folder>
	<filename>87.jpg</filename>
	<path>/home/armaan/Desktop/mrm/dataset_day2/finalballnew/87.jpg</path>
	<source>
		<database>Unknown</database>
	</source>
	<size>
		<width>640</width>
		<height>480</height>
		<depth>3</depth>
	</size>
	<segmented>0</segmented>
	<object>
		<name>ball</name>
		<pose>Unspecified</pose>
		<truncated>0</truncated>
		<difficult>0</difficult>
		<bndbox>
			<xmin>262</xmin>
			<ymin>129</ymin>
			<xmax>306</xmax>
			<ymax>170</ymax>
		</bndbox>
	</object>
</annotation>
